"Canton";"Vehicle group / type";"Year of first registration";"Fuel";"2021"
"Switzerland";"> Passenger cars";"Before 1960";"Electricity";7
"Switzerland";"> Passenger cars";"1960 - 1979";"Electricity";18
"Switzerland";"> Passenger cars";"1980 - 1989";"Electricity";18
"Switzerland";"> Passenger cars";"1990 - 1999";"Electricity";110
"Switzerland";"> Passenger cars";"2000 - 2004";"Electricity";56
"Switzerland";"> Passenger cars";"2005 - 2009";"Electricity";86
"Switzerland";"> Passenger cars";"2010 - 2014";"Electricity";3987
"Switzerland";"> Passenger cars";"2015";"Electricity";3323
"Switzerland";"> Passenger cars";"2016";"Electricity";3163
"Switzerland";"> Passenger cars";"2017";"Electricity";4432
"Switzerland";"> Passenger cars";"2018";"Electricity";4904
"Switzerland";"> Passenger cars";"2019";"Electricity";12627
"Switzerland";"> Passenger cars";"2020";"Electricity";17707
"Switzerland";"> Passenger cars";"2021";"Electricity";19785
"Switzerland";"> Passenger cars";"Unknown";"Electricity";0
"Switzerland";"> Motorcycles";"Before 1960";"Electricity";0
"Switzerland";"> Motorcycles";"1960 - 1979";"Electricity";3
"Switzerland";"> Motorcycles";"1980 - 1989";"Electricity";10
"Switzerland";"> Motorcycles";"1990 - 1999";"Electricity";269
"Switzerland";"> Motorcycles";"2000 - 2004";"Electricity";122
"Switzerland";"> Motorcycles";"2005 - 2009";"Electricity";219
"Switzerland";"> Motorcycles";"2010 - 2014";"Electricity";4926
"Switzerland";"> Motorcycles";"2015";"Electricity";1327
"Switzerland";"> Motorcycles";"2016";"Electricity";1092
"Switzerland";"> Motorcycles";"2017";"Electricity";812
"Switzerland";"> Motorcycles";"2018";"Electricity";1344
"Switzerland";"> Motorcycles";"2019";"Electricity";2147
"Switzerland";"> Motorcycles";"2020";"Electricity";2543
"Switzerland";"> Motorcycles";"2021";"Electricity";2141
"Switzerland";"> Motorcycles";"Unknown";"Electricity";0
"Zürich";"> Passenger cars";"Before 1960";"Electricity";5
"Zürich";"> Passenger cars";"1960 - 1979";"Electricity";3
"Zürich";"> Passenger cars";"1980 - 1989";"Electricity";2
"Zürich";"> Passenger cars";"1990 - 1999";"Electricity";3
"Zürich";"> Passenger cars";"2000 - 2004";"Electricity";1
"Zürich";"> Passenger cars";"2005 - 2009";"Electricity";13
"Zürich";"> Passenger cars";"2010 - 2014";"Electricity";910
"Zürich";"> Passenger cars";"2015";"Electricity";762
"Zürich";"> Passenger cars";"2016";"Electricity";679
"Zürich";"> Passenger cars";"2017";"Electricity";986
"Zürich";"> Passenger cars";"2018";"Electricity";1103
"Zürich";"> Passenger cars";"2019";"Electricity";2694
"Zürich";"> Passenger cars";"2020";"Electricity";3619
"Zürich";"> Passenger cars";"2021";"Electricity";4006
"Zürich";"> Passenger cars";"Unknown";"Electricity";0
"Zürich";"> Motorcycles";"Before 1960";"Electricity";0
"Zürich";"> Motorcycles";"1960 - 1979";"Electricity";1
"Zürich";"> Motorcycles";"1980 - 1989";"Electricity";4
"Zürich";"> Motorcycles";"1990 - 1999";"Electricity";49
"Zürich";"> Motorcycles";"2000 - 2004";"Electricity";31
"Zürich";"> Motorcycles";"2005 - 2009";"Electricity";36
"Zürich";"> Motorcycles";"2010 - 2014";"Electricity";509
"Zürich";"> Motorcycles";"2015";"Electricity";98
"Zürich";"> Motorcycles";"2016";"Electricity";159
"Zürich";"> Motorcycles";"2017";"Electricity";139
"Zürich";"> Motorcycles";"2018";"Electricity";256
"Zürich";"> Motorcycles";"2019";"Electricity";352
"Zürich";"> Motorcycles";"2020";"Electricity";378
"Zürich";"> Motorcycles";"2021";"Electricity";370
"Zürich";"> Motorcycles";"Unknown";"Electricity";0
"Bern";"> Passenger cars";"Before 1960";"Electricity";0
"Bern";"> Passenger cars";"1960 - 1979";"Electricity";2
"Bern";"> Passenger cars";"1980 - 1989";"Electricity";0
"Bern";"> Passenger cars";"1990 - 1999";"Electricity";8
"Bern";"> Passenger cars";"2000 - 2004";"Electricity";7
"Bern";"> Passenger cars";"2005 - 2009";"Electricity";4
"Bern";"> Passenger cars";"2010 - 2014";"Electricity";439
"Bern";"> Passenger cars";"2015";"Electricity";319
"Bern";"> Passenger cars";"2016";"Electricity";291
"Bern";"> Passenger cars";"2017";"Electricity";421
"Bern";"> Passenger cars";"2018";"Electricity";428
"Bern";"> Passenger cars";"2019";"Electricity";1165
"Bern";"> Passenger cars";"2020";"Electricity";1664
"Bern";"> Passenger cars";"2021";"Electricity";1873
"Bern";"> Passenger cars";"Unknown";"Electricity";0
"Bern";"> Motorcycles";"Before 1960";"Electricity";0
"Bern";"> Motorcycles";"1960 - 1979";"Electricity";0
"Bern";"> Motorcycles";"1980 - 1989";"Electricity";0
"Bern";"> Motorcycles";"1990 - 1999";"Electricity";58
"Bern";"> Motorcycles";"2000 - 2004";"Electricity";22
"Bern";"> Motorcycles";"2005 - 2009";"Electricity";28
"Bern";"> Motorcycles";"2010 - 2014";"Electricity";2373
"Bern";"> Motorcycles";"2015";"Electricity";934
"Bern";"> Motorcycles";"2016";"Electricity";523
"Bern";"> Motorcycles";"2017";"Electricity";288
"Bern";"> Motorcycles";"2018";"Electricity";515
"Bern";"> Motorcycles";"2019";"Electricity";985
"Bern";"> Motorcycles";"2020";"Electricity";1053
"Bern";"> Motorcycles";"2021";"Electricity";489
"Bern";"> Motorcycles";"Unknown";"Electricity";0
"Luzern";"> Passenger cars";"Before 1960";"Electricity";0
"Luzern";"> Passenger cars";"1960 - 1979";"Electricity";1
"Luzern";"> Passenger cars";"1980 - 1989";"Electricity";0
"Luzern";"> Passenger cars";"1990 - 1999";"Electricity";3
"Luzern";"> Passenger cars";"2000 - 2004";"Electricity";2
"Luzern";"> Passenger cars";"2005 - 2009";"Electricity";1
"Luzern";"> Passenger cars";"2010 - 2014";"Electricity";212
"Luzern";"> Passenger cars";"2015";"Electricity";168
"Luzern";"> Passenger cars";"2016";"Electricity";174
"Luzern";"> Passenger cars";"2017";"Electricity";193
"Luzern";"> Passenger cars";"2018";"Electricity";228
"Luzern";"> Passenger cars";"2019";"Electricity";542
"Luzern";"> Passenger cars";"2020";"Electricity";758
"Luzern";"> Passenger cars";"2021";"Electricity";813
"Luzern";"> Passenger cars";"Unknown";"Electricity";0
"Luzern";"> Motorcycles";"Before 1960";"Electricity";0
"Luzern";"> Motorcycles";"1960 - 1979";"Electricity";2
"Luzern";"> Motorcycles";"1980 - 1989";"Electricity";1
"Luzern";"> Motorcycles";"1990 - 1999";"Electricity";29
"Luzern";"> Motorcycles";"2000 - 2004";"Electricity";5
"Luzern";"> Motorcycles";"2005 - 2009";"Electricity";9
"Luzern";"> Motorcycles";"2010 - 2014";"Electricity";143
"Luzern";"> Motorcycles";"2015";"Electricity";26
"Luzern";"> Motorcycles";"2016";"Electricity";34
"Luzern";"> Motorcycles";"2017";"Electricity";27
"Luzern";"> Motorcycles";"2018";"Electricity";41
"Luzern";"> Motorcycles";"2019";"Electricity";49
"Luzern";"> Motorcycles";"2020";"Electricity";77
"Luzern";"> Motorcycles";"2021";"Electricity";76
"Luzern";"> Motorcycles";"Unknown";"Electricity";0
"Uri";"> Passenger cars";"Before 1960";"Electricity";0
"Uri";"> Passenger cars";"1960 - 1979";"Electricity";0
"Uri";"> Passenger cars";"1980 - 1989";"Electricity";0
"Uri";"> Passenger cars";"1990 - 1999";"Electricity";0
"Uri";"> Passenger cars";"2000 - 2004";"Electricity";0
"Uri";"> Passenger cars";"2005 - 2009";"Electricity";0
"Uri";"> Passenger cars";"2010 - 2014";"Electricity";16
"Uri";"> Passenger cars";"2015";"Electricity";10
"Uri";"> Passenger cars";"2016";"Electricity";4
"Uri";"> Passenger cars";"2017";"Electricity";18
"Uri";"> Passenger cars";"2018";"Electricity";11
"Uri";"> Passenger cars";"2019";"Electricity";27
"Uri";"> Passenger cars";"2020";"Electricity";43
"Uri";"> Passenger cars";"2021";"Electricity";60
"Uri";"> Passenger cars";"Unknown";"Electricity";0
"Uri";"> Motorcycles";"Before 1960";"Electricity";0
"Uri";"> Motorcycles";"1960 - 1979";"Electricity";0
"Uri";"> Motorcycles";"1980 - 1989";"Electricity";0
"Uri";"> Motorcycles";"1990 - 1999";"Electricity";0
"Uri";"> Motorcycles";"2000 - 2004";"Electricity";0
"Uri";"> Motorcycles";"2005 - 2009";"Electricity";0
"Uri";"> Motorcycles";"2010 - 2014";"Electricity";13
"Uri";"> Motorcycles";"2015";"Electricity";0
"Uri";"> Motorcycles";"2016";"Electricity";11
"Uri";"> Motorcycles";"2017";"Electricity";1
"Uri";"> Motorcycles";"2018";"Electricity";1
"Uri";"> Motorcycles";"2019";"Electricity";5
"Uri";"> Motorcycles";"2020";"Electricity";8
"Uri";"> Motorcycles";"2021";"Electricity";4
"Uri";"> Motorcycles";"Unknown";"Electricity";0
"Schwyz";"> Passenger cars";"Before 1960";"Electricity";0
"Schwyz";"> Passenger cars";"1960 - 1979";"Electricity";0
"Schwyz";"> Passenger cars";"1980 - 1989";"Electricity";0
"Schwyz";"> Passenger cars";"1990 - 1999";"Electricity";1
"Schwyz";"> Passenger cars";"2000 - 2004";"Electricity";0
"Schwyz";"> Passenger cars";"2005 - 2009";"Electricity";1
"Schwyz";"> Passenger cars";"2010 - 2014";"Electricity";98
"Schwyz";"> Passenger cars";"2015";"Electricity";83
"Schwyz";"> Passenger cars";"2016";"Electricity";92
"Schwyz";"> Passenger cars";"2017";"Electricity";133
"Schwyz";"> Passenger cars";"2018";"Electricity";156
"Schwyz";"> Passenger cars";"2019";"Electricity";316
"Schwyz";"> Passenger cars";"2020";"Electricity";425
"Schwyz";"> Passenger cars";"2021";"Electricity";425
"Schwyz";"> Passenger cars";"Unknown";"Electricity";0
"Schwyz";"> Motorcycles";"Before 1960";"Electricity";0
"Schwyz";"> Motorcycles";"1960 - 1979";"Electricity";0
"Schwyz";"> Motorcycles";"1980 - 1989";"Electricity";0
"Schwyz";"> Motorcycles";"1990 - 1999";"Electricity";3
"Schwyz";"> Motorcycles";"2000 - 2004";"Electricity";2
"Schwyz";"> Motorcycles";"2005 - 2009";"Electricity";4
"Schwyz";"> Motorcycles";"2010 - 2014";"Electricity";71
"Schwyz";"> Motorcycles";"2015";"Electricity";16
"Schwyz";"> Motorcycles";"2016";"Electricity";7
"Schwyz";"> Motorcycles";"2017";"Electricity";9
"Schwyz";"> Motorcycles";"2018";"Electricity";17
"Schwyz";"> Motorcycles";"2019";"Electricity";20
"Schwyz";"> Motorcycles";"2020";"Electricity";50
"Schwyz";"> Motorcycles";"2021";"Electricity";41
"Schwyz";"> Motorcycles";"Unknown";"Electricity";0
"Obwalden";"> Passenger cars";"Before 1960";"Electricity";0
"Obwalden";"> Passenger cars";"1960 - 1979";"Electricity";0
"Obwalden";"> Passenger cars";"1980 - 1989";"Electricity";0
"Obwalden";"> Passenger cars";"1990 - 1999";"Electricity";0
"Obwalden";"> Passenger cars";"2000 - 2004";"Electricity";0
"Obwalden";"> Passenger cars";"2005 - 2009";"Electricity";0
"Obwalden";"> Passenger cars";"2010 - 2014";"Electricity";23
"Obwalden";"> Passenger cars";"2015";"Electricity";17
"Obwalden";"> Passenger cars";"2016";"Electricity";16
"Obwalden";"> Passenger cars";"2017";"Electricity";25
"Obwalden";"> Passenger cars";"2018";"Electricity";26
"Obwalden";"> Passenger cars";"2019";"Electricity";47
"Obwalden";"> Passenger cars";"2020";"Electricity";79
"Obwalden";"> Passenger cars";"2021";"Electricity";76
"Obwalden";"> Passenger cars";"Unknown";"Electricity";0
"Obwalden";"> Motorcycles";"Before 1960";"Electricity";0
"Obwalden";"> Motorcycles";"1960 - 1979";"Electricity";0
"Obwalden";"> Motorcycles";"1980 - 1989";"Electricity";0
"Obwalden";"> Motorcycles";"1990 - 1999";"Electricity";1
"Obwalden";"> Motorcycles";"2000 - 2004";"Electricity";0
"Obwalden";"> Motorcycles";"2005 - 2009";"Electricity";1
"Obwalden";"> Motorcycles";"2010 - 2014";"Electricity";18
"Obwalden";"> Motorcycles";"2015";"Electricity";0
"Obwalden";"> Motorcycles";"2016";"Electricity";5
"Obwalden";"> Motorcycles";"2017";"Electricity";4
"Obwalden";"> Motorcycles";"2018";"Electricity";3
"Obwalden";"> Motorcycles";"2019";"Electricity";6
"Obwalden";"> Motorcycles";"2020";"Electricity";2
"Obwalden";"> Motorcycles";"2021";"Electricity";16
"Obwalden";"> Motorcycles";"Unknown";"Electricity";0
"Nidwalden";"> Passenger cars";"Before 1960";"Electricity";0
"Nidwalden";"> Passenger cars";"1960 - 1979";"Electricity";0
"Nidwalden";"> Passenger cars";"1980 - 1989";"Electricity";0
"Nidwalden";"> Passenger cars";"1990 - 1999";"Electricity";0
"Nidwalden";"> Passenger cars";"2000 - 2004";"Electricity";0
"Nidwalden";"> Passenger cars";"2005 - 2009";"Electricity";0
"Nidwalden";"> Passenger cars";"2010 - 2014";"Electricity";24
"Nidwalden";"> Passenger cars";"2015";"Electricity";33
"Nidwalden";"> Passenger cars";"2016";"Electricity";22
"Nidwalden";"> Passenger cars";"2017";"Electricity";35
"Nidwalden";"> Passenger cars";"2018";"Electricity";32
"Nidwalden";"> Passenger cars";"2019";"Electricity";66
"Nidwalden";"> Passenger cars";"2020";"Electricity";98
"Nidwalden";"> Passenger cars";"2021";"Electricity";121
"Nidwalden";"> Passenger cars";"Unknown";"Electricity";0
"Nidwalden";"> Motorcycles";"Before 1960";"Electricity";0
"Nidwalden";"> Motorcycles";"1960 - 1979";"Electricity";0
"Nidwalden";"> Motorcycles";"1980 - 1989";"Electricity";0
"Nidwalden";"> Motorcycles";"1990 - 1999";"Electricity";0
"Nidwalden";"> Motorcycles";"2000 - 2004";"Electricity";1
"Nidwalden";"> Motorcycles";"2005 - 2009";"Electricity";2
"Nidwalden";"> Motorcycles";"2010 - 2014";"Electricity";13
"Nidwalden";"> Motorcycles";"2015";"Electricity";1
"Nidwalden";"> Motorcycles";"2016";"Electricity";1
"Nidwalden";"> Motorcycles";"2017";"Electricity";3
"Nidwalden";"> Motorcycles";"2018";"Electricity";11
"Nidwalden";"> Motorcycles";"2019";"Electricity";16
"Nidwalden";"> Motorcycles";"2020";"Electricity";26
"Nidwalden";"> Motorcycles";"2021";"Electricity";13
"Nidwalden";"> Motorcycles";"Unknown";"Electricity";0
"Glarus";"> Passenger cars";"Before 1960";"Electricity";0
"Glarus";"> Passenger cars";"1960 - 1979";"Electricity";0
"Glarus";"> Passenger cars";"1980 - 1989";"Electricity";0
"Glarus";"> Passenger cars";"1990 - 1999";"Electricity";2
"Glarus";"> Passenger cars";"2000 - 2004";"Electricity";1
"Glarus";"> Passenger cars";"2005 - 2009";"Electricity";0
"Glarus";"> Passenger cars";"2010 - 2014";"Electricity";19
"Glarus";"> Passenger cars";"2015";"Electricity";14
"Glarus";"> Passenger cars";"2016";"Electricity";10
"Glarus";"> Passenger cars";"2017";"Electricity";18
"Glarus";"> Passenger cars";"2018";"Electricity";20
"Glarus";"> Passenger cars";"2019";"Electricity";49
"Glarus";"> Passenger cars";"2020";"Electricity";70
"Glarus";"> Passenger cars";"2021";"Electricity";79
"Glarus";"> Passenger cars";"Unknown";"Electricity";0
"Glarus";"> Motorcycles";"Before 1960";"Electricity";0
"Glarus";"> Motorcycles";"1960 - 1979";"Electricity";0
"Glarus";"> Motorcycles";"1980 - 1989";"Electricity";0
"Glarus";"> Motorcycles";"1990 - 1999";"Electricity";0
"Glarus";"> Motorcycles";"2000 - 2004";"Electricity";2
"Glarus";"> Motorcycles";"2005 - 2009";"Electricity";0
"Glarus";"> Motorcycles";"2010 - 2014";"Electricity";26
"Glarus";"> Motorcycles";"2015";"Electricity";1
"Glarus";"> Motorcycles";"2016";"Electricity";3
"Glarus";"> Motorcycles";"2017";"Electricity";3
"Glarus";"> Motorcycles";"2018";"Electricity";3
"Glarus";"> Motorcycles";"2019";"Electricity";7
"Glarus";"> Motorcycles";"2020";"Electricity";4
"Glarus";"> Motorcycles";"2021";"Electricity";11
"Glarus";"> Motorcycles";"Unknown";"Electricity";0
"Zug";"> Passenger cars";"Before 1960";"Electricity";0
"Zug";"> Passenger cars";"1960 - 1979";"Electricity";0
"Zug";"> Passenger cars";"1980 - 1989";"Electricity";0
"Zug";"> Passenger cars";"1990 - 1999";"Electricity";0
"Zug";"> Passenger cars";"2000 - 2004";"Electricity";0
"Zug";"> Passenger cars";"2005 - 2009";"Electricity";0
"Zug";"> Passenger cars";"2010 - 2014";"Electricity";72
"Zug";"> Passenger cars";"2015";"Electricity";95
"Zug";"> Passenger cars";"2016";"Electricity";92
"Zug";"> Passenger cars";"2017";"Electricity";141
"Zug";"> Passenger cars";"2018";"Electricity";172
"Zug";"> Passenger cars";"2019";"Electricity";509
"Zug";"> Passenger cars";"2020";"Electricity";749
"Zug";"> Passenger cars";"2021";"Electricity";976
"Zug";"> Passenger cars";"Unknown";"Electricity";0
"Zug";"> Motorcycles";"Before 1960";"Electricity";0
"Zug";"> Motorcycles";"1960 - 1979";"Electricity";0
"Zug";"> Motorcycles";"1980 - 1989";"Electricity";0
"Zug";"> Motorcycles";"1990 - 1999";"Electricity";5
"Zug";"> Motorcycles";"2000 - 2004";"Electricity";0
"Zug";"> Motorcycles";"2005 - 2009";"Electricity";3
"Zug";"> Motorcycles";"2010 - 2014";"Electricity";35
"Zug";"> Motorcycles";"2015";"Electricity";13
"Zug";"> Motorcycles";"2016";"Electricity";14
"Zug";"> Motorcycles";"2017";"Electricity";12
"Zug";"> Motorcycles";"2018";"Electricity";15
"Zug";"> Motorcycles";"2019";"Electricity";38
"Zug";"> Motorcycles";"2020";"Electricity";33
"Zug";"> Motorcycles";"2021";"Electricity";39
"Zug";"> Motorcycles";"Unknown";"Electricity";0
"Fribourg";"> Passenger cars";"Before 1960";"Electricity";0
"Fribourg";"> Passenger cars";"1960 - 1979";"Electricity";0
"Fribourg";"> Passenger cars";"1980 - 1989";"Electricity";1
"Fribourg";"> Passenger cars";"1990 - 1999";"Electricity";0
"Fribourg";"> Passenger cars";"2000 - 2004";"Electricity";2
"Fribourg";"> Passenger cars";"2005 - 2009";"Electricity";0
"Fribourg";"> Passenger cars";"2010 - 2014";"Electricity";122
"Fribourg";"> Passenger cars";"2015";"Electricity";95
"Fribourg";"> Passenger cars";"2016";"Electricity";96
"Fribourg";"> Passenger cars";"2017";"Electricity";147
"Fribourg";"> Passenger cars";"2018";"Electricity";174
"Fribourg";"> Passenger cars";"2019";"Electricity";472
"Fribourg";"> Passenger cars";"2020";"Electricity";619
"Fribourg";"> Passenger cars";"2021";"Electricity";773
"Fribourg";"> Passenger cars";"Unknown";"Electricity";0
"Fribourg";"> Motorcycles";"Before 1960";"Electricity";0
"Fribourg";"> Motorcycles";"1960 - 1979";"Electricity";0
"Fribourg";"> Motorcycles";"1980 - 1989";"Electricity";0
"Fribourg";"> Motorcycles";"1990 - 1999";"Electricity";5
"Fribourg";"> Motorcycles";"2000 - 2004";"Electricity";2
"Fribourg";"> Motorcycles";"2005 - 2009";"Electricity";3
"Fribourg";"> Motorcycles";"2010 - 2014";"Electricity";59
"Fribourg";"> Motorcycles";"2015";"Electricity";8
"Fribourg";"> Motorcycles";"2016";"Electricity";20
"Fribourg";"> Motorcycles";"2017";"Electricity";15
"Fribourg";"> Motorcycles";"2018";"Electricity";6
"Fribourg";"> Motorcycles";"2019";"Electricity";37
"Fribourg";"> Motorcycles";"2020";"Electricity";38
"Fribourg";"> Motorcycles";"2021";"Electricity";58
"Fribourg";"> Motorcycles";"Unknown";"Electricity";0
"Solothurn";"> Passenger cars";"Before 1960";"Electricity";0
"Solothurn";"> Passenger cars";"1960 - 1979";"Electricity";0
"Solothurn";"> Passenger cars";"1980 - 1989";"Electricity";0
"Solothurn";"> Passenger cars";"1990 - 1999";"Electricity";1
"Solothurn";"> Passenger cars";"2000 - 2004";"Electricity";0
"Solothurn";"> Passenger cars";"2005 - 2009";"Electricity";0
"Solothurn";"> Passenger cars";"2010 - 2014";"Electricity";134
"Solothurn";"> Passenger cars";"2015";"Electricity";100
"Solothurn";"> Passenger cars";"2016";"Electricity";87
"Solothurn";"> Passenger cars";"2017";"Electricity";138
"Solothurn";"> Passenger cars";"2018";"Electricity";142
"Solothurn";"> Passenger cars";"2019";"Electricity";422
"Solothurn";"> Passenger cars";"2020";"Electricity";511
"Solothurn";"> Passenger cars";"2021";"Electricity";531
"Solothurn";"> Passenger cars";"Unknown";"Electricity";0
"Solothurn";"> Motorcycles";"Before 1960";"Electricity";0
"Solothurn";"> Motorcycles";"1960 - 1979";"Electricity";0
"Solothurn";"> Motorcycles";"1980 - 1989";"Electricity";1
"Solothurn";"> Motorcycles";"1990 - 1999";"Electricity";7
"Solothurn";"> Motorcycles";"2000 - 2004";"Electricity";2
"Solothurn";"> Motorcycles";"2005 - 2009";"Electricity";3
"Solothurn";"> Motorcycles";"2010 - 2014";"Electricity";129
"Solothurn";"> Motorcycles";"2015";"Electricity";13
"Solothurn";"> Motorcycles";"2016";"Electricity";15
"Solothurn";"> Motorcycles";"2017";"Electricity";16
"Solothurn";"> Motorcycles";"2018";"Electricity";16
"Solothurn";"> Motorcycles";"2019";"Electricity";33
"Solothurn";"> Motorcycles";"2020";"Electricity";42
"Solothurn";"> Motorcycles";"2021";"Electricity";52
"Solothurn";"> Motorcycles";"Unknown";"Electricity";0
"Basel-Stadt";"> Passenger cars";"Before 1960";"Electricity";0
"Basel-Stadt";"> Passenger cars";"1960 - 1979";"Electricity";0
"Basel-Stadt";"> Passenger cars";"1980 - 1989";"Electricity";0
"Basel-Stadt";"> Passenger cars";"1990 - 1999";"Electricity";3
"Basel-Stadt";"> Passenger cars";"2000 - 2004";"Electricity";1
"Basel-Stadt";"> Passenger cars";"2005 - 2009";"Electricity";0
"Basel-Stadt";"> Passenger cars";"2010 - 2014";"Electricity";57
"Basel-Stadt";"> Passenger cars";"2015";"Electricity";34
"Basel-Stadt";"> Passenger cars";"2016";"Electricity";31
"Basel-Stadt";"> Passenger cars";"2017";"Electricity";36
"Basel-Stadt";"> Passenger cars";"2018";"Electricity";71
"Basel-Stadt";"> Passenger cars";"2019";"Electricity";170
"Basel-Stadt";"> Passenger cars";"2020";"Electricity";235
"Basel-Stadt";"> Passenger cars";"2021";"Electricity";264
"Basel-Stadt";"> Passenger cars";"Unknown";"Electricity";0
"Basel-Stadt";"> Motorcycles";"Before 1960";"Electricity";0
"Basel-Stadt";"> Motorcycles";"1960 - 1979";"Electricity";0
"Basel-Stadt";"> Motorcycles";"1980 - 1989";"Electricity";0
"Basel-Stadt";"> Motorcycles";"1990 - 1999";"Electricity";3
"Basel-Stadt";"> Motorcycles";"2000 - 2004";"Electricity";0
"Basel-Stadt";"> Motorcycles";"2005 - 2009";"Electricity";3
"Basel-Stadt";"> Motorcycles";"2010 - 2014";"Electricity";28
"Basel-Stadt";"> Motorcycles";"2015";"Electricity";5
"Basel-Stadt";"> Motorcycles";"2016";"Electricity";7
"Basel-Stadt";"> Motorcycles";"2017";"Electricity";9
"Basel-Stadt";"> Motorcycles";"2018";"Electricity";25
"Basel-Stadt";"> Motorcycles";"2019";"Electricity";26
"Basel-Stadt";"> Motorcycles";"2020";"Electricity";41
"Basel-Stadt";"> Motorcycles";"2021";"Electricity";43
"Basel-Stadt";"> Motorcycles";"Unknown";"Electricity";0
"Basel-Landschaft";"> Passenger cars";"Before 1960";"Electricity";0
"Basel-Landschaft";"> Passenger cars";"1960 - 1979";"Electricity";1
"Basel-Landschaft";"> Passenger cars";"1980 - 1989";"Electricity";0
"Basel-Landschaft";"> Passenger cars";"1990 - 1999";"Electricity";2
"Basel-Landschaft";"> Passenger cars";"2000 - 2004";"Electricity";3
"Basel-Landschaft";"> Passenger cars";"2005 - 2009";"Electricity";3
"Basel-Landschaft";"> Passenger cars";"2010 - 2014";"Electricity";134
"Basel-Landschaft";"> Passenger cars";"2015";"Electricity";134
"Basel-Landschaft";"> Passenger cars";"2016";"Electricity";125
"Basel-Landschaft";"> Passenger cars";"2017";"Electricity";165
"Basel-Landschaft";"> Passenger cars";"2018";"Electricity";193
"Basel-Landschaft";"> Passenger cars";"2019";"Electricity";402
"Basel-Landschaft";"> Passenger cars";"2020";"Electricity";568
"Basel-Landschaft";"> Passenger cars";"2021";"Electricity";619
"Basel-Landschaft";"> Passenger cars";"Unknown";"Electricity";0
"Basel-Landschaft";"> Motorcycles";"Before 1960";"Electricity";0
"Basel-Landschaft";"> Motorcycles";"1960 - 1979";"Electricity";0
"Basel-Landschaft";"> Motorcycles";"1980 - 1989";"Electricity";1
"Basel-Landschaft";"> Motorcycles";"1990 - 1999";"Electricity";19
"Basel-Landschaft";"> Motorcycles";"2000 - 2004";"Electricity";8
"Basel-Landschaft";"> Motorcycles";"2005 - 2009";"Electricity";9
"Basel-Landschaft";"> Motorcycles";"2010 - 2014";"Electricity";108
"Basel-Landschaft";"> Motorcycles";"2015";"Electricity";6
"Basel-Landschaft";"> Motorcycles";"2016";"Electricity";20
"Basel-Landschaft";"> Motorcycles";"2017";"Electricity";24
"Basel-Landschaft";"> Motorcycles";"2018";"Electricity";29
"Basel-Landschaft";"> Motorcycles";"2019";"Electricity";47
"Basel-Landschaft";"> Motorcycles";"2020";"Electricity";49
"Basel-Landschaft";"> Motorcycles";"2021";"Electricity";74
"Basel-Landschaft";"> Motorcycles";"Unknown";"Electricity";0
"Schaffhausen";"> Passenger cars";"Before 1960";"Electricity";0
"Schaffhausen";"> Passenger cars";"1960 - 1979";"Electricity";0
"Schaffhausen";"> Passenger cars";"1980 - 1989";"Electricity";1
"Schaffhausen";"> Passenger cars";"1990 - 1999";"Electricity";1
"Schaffhausen";"> Passenger cars";"2000 - 2004";"Electricity";0
"Schaffhausen";"> Passenger cars";"2005 - 2009";"Electricity";0
"Schaffhausen";"> Passenger cars";"2010 - 2014";"Electricity";59
"Schaffhausen";"> Passenger cars";"2015";"Electricity";35
"Schaffhausen";"> Passenger cars";"2016";"Electricity";32
"Schaffhausen";"> Passenger cars";"2017";"Electricity";39
"Schaffhausen";"> Passenger cars";"2018";"Electricity";53
"Schaffhausen";"> Passenger cars";"2019";"Electricity";113
"Schaffhausen";"> Passenger cars";"2020";"Electricity";139
"Schaffhausen";"> Passenger cars";"2021";"Electricity";192
"Schaffhausen";"> Passenger cars";"Unknown";"Electricity";0
"Schaffhausen";"> Motorcycles";"Before 1960";"Electricity";0
"Schaffhausen";"> Motorcycles";"1960 - 1979";"Electricity";0
"Schaffhausen";"> Motorcycles";"1980 - 1989";"Electricity";0
"Schaffhausen";"> Motorcycles";"1990 - 1999";"Electricity";6
"Schaffhausen";"> Motorcycles";"2000 - 2004";"Electricity";2
"Schaffhausen";"> Motorcycles";"2005 - 2009";"Electricity";6
"Schaffhausen";"> Motorcycles";"2010 - 2014";"Electricity";57
"Schaffhausen";"> Motorcycles";"2015";"Electricity";6
"Schaffhausen";"> Motorcycles";"2016";"Electricity";9
"Schaffhausen";"> Motorcycles";"2017";"Electricity";7
"Schaffhausen";"> Motorcycles";"2018";"Electricity";11
"Schaffhausen";"> Motorcycles";"2019";"Electricity";11
"Schaffhausen";"> Motorcycles";"2020";"Electricity";10
"Schaffhausen";"> Motorcycles";"2021";"Electricity";18
"Schaffhausen";"> Motorcycles";"Unknown";"Electricity";0
"Appenzell-Ausserrhoden";"> Passenger cars";"Before 1960";"Electricity";0
"Appenzell-Ausserrhoden";"> Passenger cars";"1960 - 1979";"Electricity";0
"Appenzell-Ausserrhoden";"> Passenger cars";"1980 - 1989";"Electricity";1
"Appenzell-Ausserrhoden";"> Passenger cars";"1990 - 1999";"Electricity";0
"Appenzell-Ausserrhoden";"> Passenger cars";"2000 - 2004";"Electricity";0
"Appenzell-Ausserrhoden";"> Passenger cars";"2005 - 2009";"Electricity";1
"Appenzell-Ausserrhoden";"> Passenger cars";"2010 - 2014";"Electricity";36
"Appenzell-Ausserrhoden";"> Passenger cars";"2015";"Electricity";25
"Appenzell-Ausserrhoden";"> Passenger cars";"2016";"Electricity";28
"Appenzell-Ausserrhoden";"> Passenger cars";"2017";"Electricity";33
"Appenzell-Ausserrhoden";"> Passenger cars";"2018";"Electricity";36
"Appenzell-Ausserrhoden";"> Passenger cars";"2019";"Electricity";73
"Appenzell-Ausserrhoden";"> Passenger cars";"2020";"Electricity";105
"Appenzell-Ausserrhoden";"> Passenger cars";"2021";"Electricity";98
"Appenzell-Ausserrhoden";"> Passenger cars";"Unknown";"Electricity";0
"Appenzell-Ausserrhoden";"> Motorcycles";"Before 1960";"Electricity";0
"Appenzell-Ausserrhoden";"> Motorcycles";"1960 - 1979";"Electricity";0
"Appenzell-Ausserrhoden";"> Motorcycles";"1980 - 1989";"Electricity";0
"Appenzell-Ausserrhoden";"> Motorcycles";"1990 - 1999";"Electricity";3
"Appenzell-Ausserrhoden";"> Motorcycles";"2000 - 2004";"Electricity";1
"Appenzell-Ausserrhoden";"> Motorcycles";"2005 - 2009";"Electricity";0
"Appenzell-Ausserrhoden";"> Motorcycles";"2010 - 2014";"Electricity";19
"Appenzell-Ausserrhoden";"> Motorcycles";"2015";"Electricity";3
"Appenzell-Ausserrhoden";"> Motorcycles";"2016";"Electricity";7
"Appenzell-Ausserrhoden";"> Motorcycles";"2017";"Electricity";4
"Appenzell-Ausserrhoden";"> Motorcycles";"2018";"Electricity";5
"Appenzell-Ausserrhoden";"> Motorcycles";"2019";"Electricity";5
"Appenzell-Ausserrhoden";"> Motorcycles";"2020";"Electricity";11
"Appenzell-Ausserrhoden";"> Motorcycles";"2021";"Electricity";6
"Appenzell-Ausserrhoden";"> Motorcycles";"Unknown";"Electricity";0
"Appenzell-Innerrhoden";"> Passenger cars";"Before 1960";"Electricity";0
"Appenzell-Innerrhoden";"> Passenger cars";"1960 - 1979";"Electricity";0
"Appenzell-Innerrhoden";"> Passenger cars";"1980 - 1989";"Electricity";0
"Appenzell-Innerrhoden";"> Passenger cars";"1990 - 1999";"Electricity";0
"Appenzell-Innerrhoden";"> Passenger cars";"2000 - 2004";"Electricity";1
"Appenzell-Innerrhoden";"> Passenger cars";"2005 - 2009";"Electricity";0
"Appenzell-Innerrhoden";"> Passenger cars";"2010 - 2014";"Electricity";7
"Appenzell-Innerrhoden";"> Passenger cars";"2015";"Electricity";12
"Appenzell-Innerrhoden";"> Passenger cars";"2016";"Electricity";8
"Appenzell-Innerrhoden";"> Passenger cars";"2017";"Electricity";17
"Appenzell-Innerrhoden";"> Passenger cars";"2018";"Electricity";10
"Appenzell-Innerrhoden";"> Passenger cars";"2019";"Electricity";23
"Appenzell-Innerrhoden";"> Passenger cars";"2020";"Electricity";30
"Appenzell-Innerrhoden";"> Passenger cars";"2021";"Electricity";38
"Appenzell-Innerrhoden";"> Passenger cars";"Unknown";"Electricity";0
"Appenzell-Innerrhoden";"> Motorcycles";"Before 1960";"Electricity";0
"Appenzell-Innerrhoden";"> Motorcycles";"1960 - 1979";"Electricity";0
"Appenzell-Innerrhoden";"> Motorcycles";"1980 - 1989";"Electricity";0
"Appenzell-Innerrhoden";"> Motorcycles";"1990 - 1999";"Electricity";0
"Appenzell-Innerrhoden";"> Motorcycles";"2000 - 2004";"Electricity";0
"Appenzell-Innerrhoden";"> Motorcycles";"2005 - 2009";"Electricity";0
"Appenzell-Innerrhoden";"> Motorcycles";"2010 - 2014";"Electricity";3
"Appenzell-Innerrhoden";"> Motorcycles";"2015";"Electricity";1
"Appenzell-Innerrhoden";"> Motorcycles";"2016";"Electricity";1
"Appenzell-Innerrhoden";"> Motorcycles";"2017";"Electricity";0
"Appenzell-Innerrhoden";"> Motorcycles";"2018";"Electricity";1
"Appenzell-Innerrhoden";"> Motorcycles";"2019";"Electricity";1
"Appenzell-Innerrhoden";"> Motorcycles";"2020";"Electricity";3
"Appenzell-Innerrhoden";"> Motorcycles";"2021";"Electricity";1
"Appenzell-Innerrhoden";"> Motorcycles";"Unknown";"Electricity";0
"Sankt Gallen";"> Passenger cars";"Before 1960";"Electricity";0
"Sankt Gallen";"> Passenger cars";"1960 - 1979";"Electricity";1
"Sankt Gallen";"> Passenger cars";"1980 - 1989";"Electricity";0
"Sankt Gallen";"> Passenger cars";"1990 - 1999";"Electricity";5
"Sankt Gallen";"> Passenger cars";"2000 - 2004";"Electricity";2
"Sankt Gallen";"> Passenger cars";"2005 - 2009";"Electricity";7
"Sankt Gallen";"> Passenger cars";"2010 - 2014";"Electricity";220
"Sankt Gallen";"> Passenger cars";"2015";"Electricity";198
"Sankt Gallen";"> Passenger cars";"2016";"Electricity";193
"Sankt Gallen";"> Passenger cars";"2017";"Electricity";267
"Sankt Gallen";"> Passenger cars";"2018";"Electricity";327
"Sankt Gallen";"> Passenger cars";"2019";"Electricity";730
"Sankt Gallen";"> Passenger cars";"2020";"Electricity";997
"Sankt Gallen";"> Passenger cars";"2021";"Electricity";1195
"Sankt Gallen";"> Passenger cars";"Unknown";"Electricity";0
"Sankt Gallen";"> Motorcycles";"Before 1960";"Electricity";0
"Sankt Gallen";"> Motorcycles";"1960 - 1979";"Electricity";0
"Sankt Gallen";"> Motorcycles";"1980 - 1989";"Electricity";0
"Sankt Gallen";"> Motorcycles";"1990 - 1999";"Electricity";18
"Sankt Gallen";"> Motorcycles";"2000 - 2004";"Electricity";4
"Sankt Gallen";"> Motorcycles";"2005 - 2009";"Electricity";11
"Sankt Gallen";"> Motorcycles";"2010 - 2014";"Electricity";153
"Sankt Gallen";"> Motorcycles";"2015";"Electricity";19
"Sankt Gallen";"> Motorcycles";"2016";"Electricity";29
"Sankt Gallen";"> Motorcycles";"2017";"Electricity";31
"Sankt Gallen";"> Motorcycles";"2018";"Electricity";73
"Sankt Gallen";"> Motorcycles";"2019";"Electricity";93
"Sankt Gallen";"> Motorcycles";"2020";"Electricity";119
"Sankt Gallen";"> Motorcycles";"2021";"Electricity";131
"Sankt Gallen";"> Motorcycles";"Unknown";"Electricity";0
"Graubünden";"> Passenger cars";"Before 1960";"Electricity";0
"Graubünden";"> Passenger cars";"1960 - 1979";"Electricity";1
"Graubünden";"> Passenger cars";"1980 - 1989";"Electricity";0
"Graubünden";"> Passenger cars";"1990 - 1999";"Electricity";2
"Graubünden";"> Passenger cars";"2000 - 2004";"Electricity";1
"Graubünden";"> Passenger cars";"2005 - 2009";"Electricity";0
"Graubünden";"> Passenger cars";"2010 - 2014";"Electricity";91
"Graubünden";"> Passenger cars";"2015";"Electricity";68
"Graubünden";"> Passenger cars";"2016";"Electricity";99
"Graubünden";"> Passenger cars";"2017";"Electricity";102
"Graubünden";"> Passenger cars";"2018";"Electricity";105
"Graubünden";"> Passenger cars";"2019";"Electricity";271
"Graubünden";"> Passenger cars";"2020";"Electricity";301
"Graubünden";"> Passenger cars";"2021";"Electricity";394
"Graubünden";"> Passenger cars";"Unknown";"Electricity";0
"Graubünden";"> Motorcycles";"Before 1960";"Electricity";0
"Graubünden";"> Motorcycles";"1960 - 1979";"Electricity";0
"Graubünden";"> Motorcycles";"1980 - 1989";"Electricity";1
"Graubünden";"> Motorcycles";"1990 - 1999";"Electricity";4
"Graubünden";"> Motorcycles";"2000 - 2004";"Electricity";3
"Graubünden";"> Motorcycles";"2005 - 2009";"Electricity";4
"Graubünden";"> Motorcycles";"2010 - 2014";"Electricity";66
"Graubünden";"> Motorcycles";"2015";"Electricity";10
"Graubünden";"> Motorcycles";"2016";"Electricity";20
"Graubünden";"> Motorcycles";"2017";"Electricity";25
"Graubünden";"> Motorcycles";"2018";"Electricity";33
"Graubünden";"> Motorcycles";"2019";"Electricity";19
"Graubünden";"> Motorcycles";"2020";"Electricity";29
"Graubünden";"> Motorcycles";"2021";"Electricity";47
"Graubünden";"> Motorcycles";"Unknown";"Electricity";0
"Aargau";"> Passenger cars";"Before 1960";"Electricity";2
"Aargau";"> Passenger cars";"1960 - 1979";"Electricity";1
"Aargau";"> Passenger cars";"1980 - 1989";"Electricity";1
"Aargau";"> Passenger cars";"1990 - 1999";"Electricity";0
"Aargau";"> Passenger cars";"2000 - 2004";"Electricity";2
"Aargau";"> Passenger cars";"2005 - 2009";"Electricity";0
"Aargau";"> Passenger cars";"2010 - 2014";"Electricity";379
"Aargau";"> Passenger cars";"2015";"Electricity";330
"Aargau";"> Passenger cars";"2016";"Electricity";282
"Aargau";"> Passenger cars";"2017";"Electricity";390
"Aargau";"> Passenger cars";"2018";"Electricity";414
"Aargau";"> Passenger cars";"2019";"Electricity";1052
"Aargau";"> Passenger cars";"2020";"Electricity";1481
"Aargau";"> Passenger cars";"2021";"Electricity";1648
"Aargau";"> Passenger cars";"Unknown";"Electricity";0
"Aargau";"> Motorcycles";"Before 1960";"Electricity";0
"Aargau";"> Motorcycles";"1960 - 1979";"Electricity";0
"Aargau";"> Motorcycles";"1980 - 1989";"Electricity";1
"Aargau";"> Motorcycles";"1990 - 1999";"Electricity";17
"Aargau";"> Motorcycles";"2000 - 2004";"Electricity";5
"Aargau";"> Motorcycles";"2005 - 2009";"Electricity";23
"Aargau";"> Motorcycles";"2010 - 2014";"Electricity";298
"Aargau";"> Motorcycles";"2015";"Electricity";20
"Aargau";"> Motorcycles";"2016";"Electricity";45
"Aargau";"> Motorcycles";"2017";"Electricity";44
"Aargau";"> Motorcycles";"2018";"Electricity";46
"Aargau";"> Motorcycles";"2019";"Electricity";75
"Aargau";"> Motorcycles";"2020";"Electricity";134
"Aargau";"> Motorcycles";"2021";"Electricity";124
"Aargau";"> Motorcycles";"Unknown";"Electricity";0
"Thurgau";"> Passenger cars";"Before 1960";"Electricity";0
"Thurgau";"> Passenger cars";"1960 - 1979";"Electricity";0
"Thurgau";"> Passenger cars";"1980 - 1989";"Electricity";0
"Thurgau";"> Passenger cars";"1990 - 1999";"Electricity";2
"Thurgau";"> Passenger cars";"2000 - 2004";"Electricity";1
"Thurgau";"> Passenger cars";"2005 - 2009";"Electricity";1
"Thurgau";"> Passenger cars";"2010 - 2014";"Electricity";204
"Thurgau";"> Passenger cars";"2015";"Electricity";150
"Thurgau";"> Passenger cars";"2016";"Electricity";139
"Thurgau";"> Passenger cars";"2017";"Electricity";169
"Thurgau";"> Passenger cars";"2018";"Electricity";195
"Thurgau";"> Passenger cars";"2019";"Electricity";504
"Thurgau";"> Passenger cars";"2020";"Electricity";744
"Thurgau";"> Passenger cars";"2021";"Electricity";821
"Thurgau";"> Passenger cars";"Unknown";"Electricity";0
"Thurgau";"> Motorcycles";"Before 1960";"Electricity";0
"Thurgau";"> Motorcycles";"1960 - 1979";"Electricity";0
"Thurgau";"> Motorcycles";"1980 - 1989";"Electricity";0
"Thurgau";"> Motorcycles";"1990 - 1999";"Electricity";12
"Thurgau";"> Motorcycles";"2000 - 2004";"Electricity";3
"Thurgau";"> Motorcycles";"2005 - 2009";"Electricity";9
"Thurgau";"> Motorcycles";"2010 - 2014";"Electricity";137
"Thurgau";"> Motorcycles";"2015";"Electricity";14
"Thurgau";"> Motorcycles";"2016";"Electricity";21
"Thurgau";"> Motorcycles";"2017";"Electricity";27
"Thurgau";"> Motorcycles";"2018";"Electricity";33
"Thurgau";"> Motorcycles";"2019";"Electricity";44
"Thurgau";"> Motorcycles";"2020";"Electricity";54
"Thurgau";"> Motorcycles";"2021";"Electricity";69
"Thurgau";"> Motorcycles";"Unknown";"Electricity";0
"Ticino";"> Passenger cars";"Before 1960";"Electricity";0
"Ticino";"> Passenger cars";"1960 - 1979";"Electricity";0
"Ticino";"> Passenger cars";"1980 - 1989";"Electricity";0
"Ticino";"> Passenger cars";"1990 - 1999";"Electricity";2
"Ticino";"> Passenger cars";"2000 - 2004";"Electricity";9
"Ticino";"> Passenger cars";"2005 - 2009";"Electricity";5
"Ticino";"> Passenger cars";"2010 - 2014";"Electricity";154
"Ticino";"> Passenger cars";"2015";"Electricity";122
"Ticino";"> Passenger cars";"2016";"Electricity";101
"Ticino";"> Passenger cars";"2017";"Electricity";134
"Ticino";"> Passenger cars";"2018";"Electricity";176
"Ticino";"> Passenger cars";"2019";"Electricity";466
"Ticino";"> Passenger cars";"2020";"Electricity";783
"Ticino";"> Passenger cars";"2021";"Electricity";912
"Ticino";"> Passenger cars";"Unknown";"Electricity";0
"Ticino";"> Motorcycles";"Before 1960";"Electricity";0
"Ticino";"> Motorcycles";"1960 - 1979";"Electricity";0
"Ticino";"> Motorcycles";"1980 - 1989";"Electricity";0
"Ticino";"> Motorcycles";"1990 - 1999";"Electricity";5
"Ticino";"> Motorcycles";"2000 - 2004";"Electricity";13
"Ticino";"> Motorcycles";"2005 - 2009";"Electricity";10
"Ticino";"> Motorcycles";"2010 - 2014";"Electricity";156
"Ticino";"> Motorcycles";"2015";"Electricity";26
"Ticino";"> Motorcycles";"2016";"Electricity";24
"Ticino";"> Motorcycles";"2017";"Electricity";21
"Ticino";"> Motorcycles";"2018";"Electricity";31
"Ticino";"> Motorcycles";"2019";"Electricity";66
"Ticino";"> Motorcycles";"2020";"Electricity";96
"Ticino";"> Motorcycles";"2021";"Electricity";105
"Ticino";"> Motorcycles";"Unknown";"Electricity";0
"Vaud";"> Passenger cars";"Before 1960";"Electricity";0
"Vaud";"> Passenger cars";"1960 - 1979";"Electricity";2
"Vaud";"> Passenger cars";"1980 - 1989";"Electricity";0
"Vaud";"> Passenger cars";"1990 - 1999";"Electricity";0
"Vaud";"> Passenger cars";"2000 - 2004";"Electricity";0
"Vaud";"> Passenger cars";"2005 - 2009";"Electricity";1
"Vaud";"> Passenger cars";"2010 - 2014";"Electricity";244
"Vaud";"> Passenger cars";"2015";"Electricity";250
"Vaud";"> Passenger cars";"2016";"Electricity";276
"Vaud";"> Passenger cars";"2017";"Electricity";392
"Vaud";"> Passenger cars";"2018";"Electricity";389
"Vaud";"> Passenger cars";"2019";"Electricity";1367
"Vaud";"> Passenger cars";"2020";"Electricity";1899
"Vaud";"> Passenger cars";"2021";"Electricity";1826
"Vaud";"> Passenger cars";"Unknown";"Electricity";0
"Vaud";"> Motorcycles";"Before 1960";"Electricity";0
"Vaud";"> Motorcycles";"1960 - 1979";"Electricity";0
"Vaud";"> Motorcycles";"1980 - 1989";"Electricity";0
"Vaud";"> Motorcycles";"1990 - 1999";"Electricity";17
"Vaud";"> Motorcycles";"2000 - 2004";"Electricity";4
"Vaud";"> Motorcycles";"2005 - 2009";"Electricity";19
"Vaud";"> Motorcycles";"2010 - 2014";"Electricity";212
"Vaud";"> Motorcycles";"2015";"Electricity";42
"Vaud";"> Motorcycles";"2016";"Electricity";51
"Vaud";"> Motorcycles";"2017";"Electricity";49
"Vaud";"> Motorcycles";"2018";"Electricity";92
"Vaud";"> Motorcycles";"2019";"Electricity";89
"Vaud";"> Motorcycles";"2020";"Electricity";150
"Vaud";"> Motorcycles";"2021";"Electricity";160
"Vaud";"> Motorcycles";"Unknown";"Electricity";0
"Valais";"> Passenger cars";"Before 1960";"Electricity";0
"Valais";"> Passenger cars";"1960 - 1979";"Electricity";3
"Valais";"> Passenger cars";"1980 - 1989";"Electricity";12
"Valais";"> Passenger cars";"1990 - 1999";"Electricity";73
"Valais";"> Passenger cars";"2000 - 2004";"Electricity";23
"Valais";"> Passenger cars";"2005 - 2009";"Electricity";46
"Valais";"> Passenger cars";"2010 - 2014";"Electricity";158
"Valais";"> Passenger cars";"2015";"Electricity";120
"Valais";"> Passenger cars";"2016";"Electricity";109
"Valais";"> Passenger cars";"2017";"Electricity";199
"Valais";"> Passenger cars";"2018";"Electricity";147
"Valais";"> Passenger cars";"2019";"Electricity";399
"Valais";"> Passenger cars";"2020";"Electricity";631
"Valais";"> Passenger cars";"2021";"Electricity";881
"Valais";"> Passenger cars";"Unknown";"Electricity";0
"Valais";"> Motorcycles";"Before 1960";"Electricity";0
"Valais";"> Motorcycles";"1960 - 1979";"Electricity";0
"Valais";"> Motorcycles";"1980 - 1989";"Electricity";0
"Valais";"> Motorcycles";"1990 - 1999";"Electricity";2
"Valais";"> Motorcycles";"2000 - 2004";"Electricity";6
"Valais";"> Motorcycles";"2005 - 2009";"Electricity";22
"Valais";"> Motorcycles";"2010 - 2014";"Electricity";106
"Valais";"> Motorcycles";"2015";"Electricity";22
"Valais";"> Motorcycles";"2016";"Electricity";32
"Valais";"> Motorcycles";"2017";"Electricity";15
"Valais";"> Motorcycles";"2018";"Electricity";21
"Valais";"> Motorcycles";"2019";"Electricity";37
"Valais";"> Motorcycles";"2020";"Electricity";48
"Valais";"> Motorcycles";"2021";"Electricity";70
"Valais";"> Motorcycles";"Unknown";"Electricity";0
"Neuchâtel";"> Passenger cars";"Before 1960";"Electricity";0
"Neuchâtel";"> Passenger cars";"1960 - 1979";"Electricity";2
"Neuchâtel";"> Passenger cars";"1980 - 1989";"Electricity";0
"Neuchâtel";"> Passenger cars";"1990 - 1999";"Electricity";0
"Neuchâtel";"> Passenger cars";"2000 - 2004";"Electricity";0
"Neuchâtel";"> Passenger cars";"2005 - 2009";"Electricity";0
"Neuchâtel";"> Passenger cars";"2010 - 2014";"Electricity";49
"Neuchâtel";"> Passenger cars";"2015";"Electricity";40
"Neuchâtel";"> Passenger cars";"2016";"Electricity";37
"Neuchâtel";"> Passenger cars";"2017";"Electricity";49
"Neuchâtel";"> Passenger cars";"2018";"Electricity";62
"Neuchâtel";"> Passenger cars";"2019";"Electricity";176
"Neuchâtel";"> Passenger cars";"2020";"Electricity";260
"Neuchâtel";"> Passenger cars";"2021";"Electricity";276
"Neuchâtel";"> Passenger cars";"Unknown";"Electricity";0
"Neuchâtel";"> Motorcycles";"Before 1960";"Electricity";0
"Neuchâtel";"> Motorcycles";"1960 - 1979";"Electricity";0
"Neuchâtel";"> Motorcycles";"1980 - 1989";"Electricity";0
"Neuchâtel";"> Motorcycles";"1990 - 1999";"Electricity";0
"Neuchâtel";"> Motorcycles";"2000 - 2004";"Electricity";4
"Neuchâtel";"> Motorcycles";"2005 - 2009";"Electricity";3
"Neuchâtel";"> Motorcycles";"2010 - 2014";"Electricity";32
"Neuchâtel";"> Motorcycles";"2015";"Electricity";6
"Neuchâtel";"> Motorcycles";"2016";"Electricity";7
"Neuchâtel";"> Motorcycles";"2017";"Electricity";5
"Neuchâtel";"> Motorcycles";"2018";"Electricity";8
"Neuchâtel";"> Motorcycles";"2019";"Electricity";16
"Neuchâtel";"> Motorcycles";"2020";"Electricity";15
"Neuchâtel";"> Motorcycles";"2021";"Electricity";16
"Neuchâtel";"> Motorcycles";"Unknown";"Electricity";0
"Genève";"> Passenger cars";"Before 1960";"Electricity";0
"Genève";"> Passenger cars";"1960 - 1979";"Electricity";1
"Genève";"> Passenger cars";"1980 - 1989";"Electricity";0
"Genève";"> Passenger cars";"1990 - 1999";"Electricity";1
"Genève";"> Passenger cars";"2000 - 2004";"Electricity";0
"Genève";"> Passenger cars";"2005 - 2009";"Electricity";3
"Genève";"> Passenger cars";"2010 - 2014";"Electricity";101
"Genève";"> Passenger cars";"2015";"Electricity";90
"Genève";"> Passenger cars";"2016";"Electricity";120
"Genève";"> Passenger cars";"2017";"Electricity";159
"Genève";"> Passenger cars";"2018";"Electricity";191
"Genève";"> Passenger cars";"2019";"Electricity";494
"Genève";"> Passenger cars";"2020";"Electricity";773
"Genève";"> Passenger cars";"2021";"Electricity";727
"Genève";"> Passenger cars";"Unknown";"Electricity";0
"Genève";"> Motorcycles";"Before 1960";"Electricity";0
"Genève";"> Motorcycles";"1960 - 1979";"Electricity";0
"Genève";"> Motorcycles";"1980 - 1989";"Electricity";1
"Genève";"> Motorcycles";"1990 - 1999";"Electricity";3
"Genève";"> Motorcycles";"2000 - 2004";"Electricity";1
"Genève";"> Motorcycles";"2005 - 2009";"Electricity";11
"Genève";"> Motorcycles";"2010 - 2014";"Electricity";150
"Genève";"> Motorcycles";"2015";"Electricity";34
"Genève";"> Motorcycles";"2016";"Electricity";22
"Genève";"> Motorcycles";"2017";"Electricity";27
"Genève";"> Motorcycles";"2018";"Electricity";48
"Genève";"> Motorcycles";"2019";"Electricity";64
"Genève";"> Motorcycles";"2020";"Electricity";69
"Genève";"> Motorcycles";"2021";"Electricity";96
"Genève";"> Motorcycles";"Unknown";"Electricity";0
"Jura";"> Passenger cars";"Before 1960";"Electricity";0
"Jura";"> Passenger cars";"1960 - 1979";"Electricity";0
"Jura";"> Passenger cars";"1980 - 1989";"Electricity";0
"Jura";"> Passenger cars";"1990 - 1999";"Electricity";1
"Jura";"> Passenger cars";"2000 - 2004";"Electricity";0
"Jura";"> Passenger cars";"2005 - 2009";"Electricity";0
"Jura";"> Passenger cars";"2010 - 2014";"Electricity";25
"Jura";"> Passenger cars";"2015";"Electricity";19
"Jura";"> Passenger cars";"2016";"Electricity";20
"Jura";"> Passenger cars";"2017";"Electricity";26
"Jura";"> Passenger cars";"2018";"Electricity";43
"Jura";"> Passenger cars";"2019";"Electricity";78
"Jura";"> Passenger cars";"2020";"Electricity";126
"Jura";"> Passenger cars";"2021";"Electricity";161
"Jura";"> Passenger cars";"Unknown";"Electricity";0
"Jura";"> Motorcycles";"Before 1960";"Electricity";0
"Jura";"> Motorcycles";"1960 - 1979";"Electricity";0
"Jura";"> Motorcycles";"1980 - 1989";"Electricity";0
"Jura";"> Motorcycles";"1990 - 1999";"Electricity";3
"Jura";"> Motorcycles";"2000 - 2004";"Electricity";1
"Jura";"> Motorcycles";"2005 - 2009";"Electricity";0
"Jura";"> Motorcycles";"2010 - 2014";"Electricity";12
"Jura";"> Motorcycles";"2015";"Electricity";3
"Jura";"> Motorcycles";"2016";"Electricity";5
"Jura";"> Motorcycles";"2017";"Electricity";7
"Jura";"> Motorcycles";"2018";"Electricity";4
"Jura";"> Motorcycles";"2019";"Electricity";6
"Jura";"> Motorcycles";"2020";"Electricity";4
"Jura";"> Motorcycles";"2021";"Electricity";12
"Jura";"> Motorcycles";"Unknown";"Electricity";0
"Confederation";"> Passenger cars";"Before 1960";"Electricity";0
"Confederation";"> Passenger cars";"1960 - 1979";"Electricity";0
"Confederation";"> Passenger cars";"1980 - 1989";"Electricity";0
"Confederation";"> Passenger cars";"1990 - 1999";"Electricity";0
"Confederation";"> Passenger cars";"2000 - 2004";"Electricity";0
"Confederation";"> Passenger cars";"2005 - 2009";"Electricity";0
"Confederation";"> Passenger cars";"2010 - 2014";"Electricity";0
"Confederation";"> Passenger cars";"2015";"Electricity";0
"Confederation";"> Passenger cars";"2016";"Electricity";0
"Confederation";"> Passenger cars";"2017";"Electricity";0
"Confederation";"> Passenger cars";"2018";"Electricity";0
"Confederation";"> Passenger cars";"2019";"Electricity";0
"Confederation";"> Passenger cars";"2020";"Electricity";0
"Confederation";"> Passenger cars";"2021";"Electricity";0
"Confederation";"> Passenger cars";"Unknown";"Electricity";0
"Confederation";"> Motorcycles";"Before 1960";"Electricity";0
"Confederation";"> Motorcycles";"1960 - 1979";"Electricity";0
"Confederation";"> Motorcycles";"1980 - 1989";"Electricity";0
"Confederation";"> Motorcycles";"1990 - 1999";"Electricity";0
"Confederation";"> Motorcycles";"2000 - 2004";"Electricity";0
"Confederation";"> Motorcycles";"2005 - 2009";"Electricity";0
"Confederation";"> Motorcycles";"2010 - 2014";"Electricity";0
"Confederation";"> Motorcycles";"2015";"Electricity";0
"Confederation";"> Motorcycles";"2016";"Electricity";0
"Confederation";"> Motorcycles";"2017";"Electricity";0
"Confederation";"> Motorcycles";"2018";"Electricity";0
"Confederation";"> Motorcycles";"2019";"Electricity";0
"Confederation";"> Motorcycles";"2020";"Electricity";0
"Confederation";"> Motorcycles";"2021";"Electricity";0
"Confederation";"> Motorcycles";"Unknown";"Electricity";0
